{
    "loss": 15.505531311035156,
    "accuracy": 0.5179855823516846
}